Record Length,2.500000e+03,,-7.18e-06,-0.012,
Sample Interval,1.000000e-08,,-7.17e-06,-0.02,
Trigger Point,7.180000000000e+02,,-7.16e-06,-0.012,
,,,-7.15e-06,-0.02,
,,,-7.14e-06,-0.008,
,,,-7.13e-06,-0.008,
Source,CH1,,-7.12e-06,-0.004,
Vertical Units,V,,-7.11e-06,-0.012,
Vertical Scale,1.000000e-01,,-7.1e-06,-0.012,
Vertical Offset,0.000000e+00,,-7.09e-06,-0.008,
Horizontal Units,s,,-7.08e-06,-0.012,
Horizontal Scale,2.500000e-06,,-7.07e-06,-0.016,
Pt Fmt,Y,,-7.06e-06,-0.012,
Yzero,0.000000e+00,,-7.05e-06,-0.012,
Probe Atten,1.000000e+00,,-7.04e-06,-0.02,
Model Number,TDS2012B,,-7.03e-06,-0.008,
Serial Number,C053202,,-7.02e-06,-0.012,
Firmware Version,FV:v22.01,,-7.01e-06,-0.012,
,,,-7e-06,-0.012,
,,,-6.99e-06,-0.016,
,,,-6.98e-06,-0.016,
,,,-6.97e-06,-0.012,
,,,-6.96e-06,-0.012,
,,,-6.95e-06,-0.008,
,,,-6.94e-06,-0.012,
,,,-6.93e-06,-0.012,
,,,-6.92e-06,-0.008,
,,,-6.91e-06,-0.016,
,,,-6.9e-06,-0.012,
,,,-6.89e-06,-0.012,
,,,-6.88e-06,-0.008,
,,,-6.87e-06,-0.012,
,,,-6.86e-06,-0.004,
,,,-6.85e-06,-0.012,
,,,-6.84e-06,-0.012,
,,,-6.83e-06,-0.012,
,,,-6.82e-06,-0.012,
,,,-6.81e-06,-0.004,
,,,-6.8e-06,-0.008,
,,,-6.79e-06,-0.012,
,,,-6.78e-06,-0.012,
,,,-6.77e-06,-0.004,
,,,-6.76e-06,-0.008,
,,,-6.75e-06,-0.012,
,,,-6.74e-06,-0.012,
,,,-6.73e-06,-0.012,
,,,-6.72e-06,-0.004,
,,,-6.71e-06,-0.008,
,,,-6.7e-06,-0.004,
,,,-6.69e-06,-0.008,
,,,-6.68e-06,-0.016,
,,,-6.67e-06,-0.004,
,,,-6.66e-06,-0.012,
,,,-6.65e-06,-0.016,
,,,-6.64e-06,-0.004,
,,,-6.63e-06,-0.016,
,,,-6.62e-06,-0.004,
,,,-6.61e-06,-0.016,
,,,-6.6e-06,-0.016,
,,,-6.59e-06,-0.012,
,,,-6.58e-06,-0.004,
,,,-6.57e-06,-0.012,
,,,-6.56e-06,-0.008,
,,,-6.55e-06,-0.008,
,,,-6.54e-06,-0.012,
,,,-6.53e-06,-0.008,
,,,-6.52e-06,-0.008,
,,,-6.51e-06,-0.004,
,,,-6.5e-06,-0.012,
,,,-6.49e-06,-0.012,
,,,-6.48e-06,-0.008,
,,,-6.47e-06,-0.012,
,,,-6.46e-06,-0.016,
,,,-6.45e-06,-0.016,
,,,-6.44e-06,-0.008,
,,,-6.43e-06,-0.012,
,,,-6.42e-06,-0.012,
,,,-6.41e-06,-0.016,
,,,-6.4e-06,-0.012,
,,,-6.39e-06,-0.016,
,,,-6.38e-06,-0.012,
,,,-6.37e-06,-0.016,
,,,-6.36e-06,-0.02,
,,,-6.35e-06,-0.016,
,,,-6.34e-06,-0.012,
,,,-6.33e-06,-0.008,
,,,-6.32e-06,-0.008,
,,,-6.31e-06,-0.008,
,,,-6.3e-06,-0.008,
,,,-6.29e-06,-0.008,
,,,-6.28e-06,-0.016,
,,,-6.27e-06,-0.008,
,,,-6.26e-06,-0.012,
,,,-6.25e-06,-0.012,
,,,-6.24e-06,-0.012,
,,,-6.23e-06,-0.012,
,,,-6.22e-06,-0.016,
,,,-6.21e-06,-0.008,
,,,-6.2e-06,-0.016,
,,,-6.19e-06,-0.012,
,,,-6.18e-06,-0.012,
,,,-6.17e-06,-0.008,
,,,-6.16e-06,-0.012,
,,,-6.15e-06,-0.012,
,,,-6.14e-06,-0.004,
,,,-6.13e-06,-0.008,
,,,-6.12e-06,-0.012,
,,,-6.11e-06,-0.012,
,,,-6.1e-06,-0.012,
,,,-6.09e-06,-0.012,
,,,-6.08e-06,-0.012,
,,,-6.07e-06,-0.012,
,,,-6.06e-06,-0.016,
,,,-6.05e-06,-0.02,
,,,-6.04e-06,-0.008,
,,,-6.03e-06,-0.012,
,,,-6.02e-06,-0.016,
,,,-6.01e-06,-0.008,
,,,-6e-06,-0.008,
,,,-5.99e-06,-0.012,
,,,-5.98e-06,-0.008,
,,,-5.97e-06,-0.008,
,,,-5.96e-06,-0.008,
,,,-5.95e-06,-0.012,
,,,-5.94e-06,-0.012,
,,,-5.93e-06,-0.008,
,,,-5.92e-06,-0.012,
,,,-5.91e-06,-0.012,
,,,-5.9e-06,-0.008,
,,,-5.89e-06,-0.008,
,,,-5.88e-06,-0.008,
,,,-5.87e-06,-0.008,
,,,-5.86e-06,-0.012,
,,,-5.85e-06,-0.012,
,,,-5.84e-06,-0.012,
,,,-5.83e-06,-0.012,
,,,-5.82e-06,-0.008,
,,,-5.81e-06,-0.008,
,,,-5.8e-06,-0.012,
,,,-5.79e-06,-0.012,
,,,-5.78e-06,-0.008,
,,,-5.77e-06,-0.012,
,,,-5.76e-06,-0.012,
,,,-5.75e-06,-0.008,
,,,-5.74e-06,-0.008,
,,,-5.73e-06,-0.004,
,,,-5.72e-06,-0.012,
,,,-5.71e-06,-0.008,
,,,-5.7e-06,-0.008,
,,,-5.69e-06,-0.012,
,,,-5.68e-06,-0.004,
,,,-5.67e-06,-0.008,
,,,-5.66e-06,-0.016,
,,,-5.65e-06,-0.012,
,,,-5.64e-06,-0.008,
,,,-5.63e-06,-0.008,
,,,-5.62e-06,-0.02,
,,,-5.61e-06,-0.004,
,,,-5.6e-06,-0.012,
,,,-5.59e-06,-0.012,
,,,-5.58e-06,-0.016,
,,,-5.57e-06,-0.012,
,,,-5.56e-06,-0.008,
,,,-5.55e-06,-0.012,
,,,-5.54e-06,-0.008,
,,,-5.53e-06,-0.012,
,,,-5.52e-06,-0.008,
,,,-5.51e-06,-0.012,
,,,-5.5e-06,-0.016,
,,,-5.49e-06,-0.008,
,,,-5.48e-06,-0.008,
,,,-5.47e-06,-0.016,
,,,-5.46e-06,-0.012,
,,,-5.45e-06,-0.012,
,,,-5.44e-06,-0.012,
,,,-5.43e-06,-0.004,
,,,-5.42e-06,-0.012,
,,,-5.41e-06,-0.008,
,,,-5.4e-06,-0.016,
,,,-5.39e-06,-0.016,
,,,-5.38e-06,-0.012,
,,,-5.37e-06,-0.016,
,,,-5.36e-06,-0.024,
,,,-5.35e-06,-0.012,
,,,-5.34e-06,-0.012,
,,,-5.33e-06,-0.008,
,,,-5.32e-06,-0.008,
,,,-5.31e-06,-0.008,
,,,-5.3e-06,-0.008,
,,,-5.29e-06,-0.016,
,,,-5.28e-06,-0.012,
,,,-5.27e-06,-0.008,
,,,-5.26e-06,-0.016,
,,,-5.25e-06,-0.004,
,,,-5.24e-06,-0.012,
,,,-5.23e-06,-0.012,
,,,-5.22e-06,-0.008,
,,,-5.21e-06,-0.016,
,,,-5.2e-06,-0.012,
,,,-5.19e-06,-0.008,
,,,-5.18e-06,-0.012,
,,,-5.17e-06,-0.012,
,,,-5.16e-06,-0.012,
,,,-5.15e-06,-0.004,
,,,-5.14e-06,-0.012,
,,,-5.13e-06,-0.016,
,,,-5.12e-06,-0.012,
,,,-5.11e-06,-0.008,
,,,-5.1e-06,-0.012,
,,,-5.09e-06,-0.012,
,,,-5.08e-06,-0.008,
,,,-5.07e-06,-0.012,
,,,-5.06e-06,-0.016,
,,,-5.05e-06,-0.008,
,,,-5.04e-06,-0.008,
,,,-5.03e-06,-0.016,
,,,-5.02e-06,-0.012,
,,,-5.01e-06,-0.012,
,,,-5e-06,-0.012,
,,,-4.99e-06,-0.004,
,,,-4.98e-06,-0.008,
,,,-4.97e-06,-0.008,
,,,-4.96e-06,-0.012,
,,,-4.95e-06,-0.016,
,,,-4.94e-06,-0.008,
,,,-4.93e-06,-0.016,
,,,-4.92e-06,-0.012,
,,,-4.91e-06,-0.008,
,,,-4.9e-06,-0.012,
,,,-4.89e-06,-0.012,
,,,-4.88e-06,-0.008,
,,,-4.87e-06,-0.012,
,,,-4.86e-06,-0.012,
,,,-4.85e-06,-0.016,
,,,-4.84e-06,-0.008,
,,,-4.83e-06,-0.012,
,,,-4.82e-06,-0.012,
,,,-4.81e-06,-0.008,
,,,-4.8e-06,-0.012,
,,,-4.79e-06,-0.008,
,,,-4.78e-06,-0.008,
,,,-4.77e-06,-0.004,
,,,-4.76e-06,-0.012,
,,,-4.75e-06,-0.012,
,,,-4.74e-06,-0.008,
,,,-4.73e-06,-0.008,
,,,-4.72e-06,-0.008,
,,,-4.71e-06,-0.008,
,,,-4.7e-06,-0.016,
,,,-4.69e-06,-0.008,
,,,-4.68e-06,-0.012,
,,,-4.67e-06,-0.016,
,,,-4.66e-06,-0.012,
,,,-4.65e-06,-0.016,
,,,-4.64e-06,-0.008,
,,,-4.63e-06,-0.02,
,,,-4.62e-06,-0.012,
,,,-4.61e-06,-0.008,
,,,-4.6e-06,-0.008,
,,,-4.59e-06,-0.016,
,,,-4.58e-06,-0.016,
,,,-4.57e-06,-0.008,
,,,-4.56e-06,-0.012,
,,,-4.55e-06,-0.012,
,,,-4.54e-06,-0.012,
,,,-4.53e-06,-0.012,
,,,-4.52e-06,-0.004,
,,,-4.51e-06,-0.012,
,,,-4.5e-06,-0.008,
,,,-4.49e-06,-0.008,
,,,-4.48e-06,-0.016,
,,,-4.47e-06,-0.016,
,,,-4.46e-06,-0.008,
,,,-4.45e-06,-0.016,
,,,-4.44e-06,-0.012,
,,,-4.43e-06,-0.016,
,,,-4.42e-06,-0.008,
,,,-4.41e-06,-0.012,
,,,-4.4e-06,-0.012,
,,,-4.39e-06,-0.008,
,,,-4.38e-06,-0.016,
,,,-4.37e-06,-0.02,
,,,-4.36e-06,-0.008,
,,,-4.35e-06,-0.004,
,,,-4.34e-06,-0.012,
,,,-4.33e-06,-0.012,
,,,-4.32e-06,-0.008,
,,,-4.31e-06,-0.008,
,,,-4.3e-06,-0.02,
,,,-4.29e-06,-0.008,
,,,-4.28e-06,-0.008,
,,,-4.27e-06,-0.016,
,,,-4.26e-06,-0.012,
,,,-4.25e-06,-0.012,
,,,-4.24e-06,-0.016,
,,,-4.23e-06,-0.008,
,,,-4.22e-06,-0.012,
,,,-4.21e-06,-0.02,
,,,-4.2e-06,-0.008,
,,,-4.19e-06,-0.012,
,,,-4.18e-06,-0.012,
,,,-4.17e-06,-0.012,
,,,-4.16e-06,-0.004,
,,,-4.15e-06,-0.008,
,,,-4.14e-06,-0.012,
,,,-4.13e-06,-0.012,
,,,-4.12e-06,-0.012,
,,,-4.11e-06,-0.012,
,,,-4.1e-06,-0.016,
,,,-4.09e-06,-0.008,
,,,-4.08e-06,-0.012,
,,,-4.07e-06,-0.016,
,,,-4.06e-06,-0.012,
,,,-4.05e-06,-0.008,
,,,-4.04e-06,-0.016,
,,,-4.03e-06,-0.012,
,,,-4.02e-06,-0.008,
,,,-4.01e-06,-0.012,
,,,-4e-06,-0.004,
,,,-3.99e-06,-0.008,
,,,-3.98e-06,-0.008,
,,,-3.97e-06,-0.016,
,,,-3.96e-06,-0.02,
,,,-3.95e-06,-0.008,
,,,-3.94e-06,-0.016,
,,,-3.93e-06,-0.012,
,,,-3.92e-06,-0.008,
,,,-3.91e-06,-0.008,
,,,-3.9e-06,-0.012,
,,,-3.89e-06,-0.008,
,,,-3.88e-06,-0.012,
,,,-3.87e-06,-0.02,
,,,-3.86e-06,-0.008,
,,,-3.85e-06,-0.012,
,,,-3.84e-06,-0.012,
,,,-3.83e-06,-0.012,
,,,-3.82e-06,-0.008,
,,,-3.81e-06,-0.012,
,,,-3.8e-06,-0.004,
,,,-3.79e-06,-0.008,
,,,-3.78e-06,-0.008,
,,,-3.77e-06,-0.016,
,,,-3.76e-06,-0.012,
,,,-3.75e-06,-0.008,
,,,-3.74e-06,-0.012,
,,,-3.73e-06,-0.008,
,,,-3.72e-06,-0.012,
,,,-3.71e-06,-0.012,
,,,-3.7e-06,-0.004,
,,,-3.69e-06,-0.008,
,,,-3.68e-06,-0.016,
,,,-3.67e-06,-0.012,
,,,-3.66e-06,-0.012,
,,,-3.65e-06,-0.004,
,,,-3.64e-06,-0.024,
,,,-3.63e-06,-0.004,
,,,-3.62e-06,-0.008,
,,,-3.61e-06,-0.008,
,,,-3.6e-06,-0.016,
,,,-3.59e-06,-0.016,
,,,-3.58e-06,-0.008,
,,,-3.57e-06,-0.008,
,,,-3.56e-06,-0.012,
,,,-3.55e-06,-0.008,
,,,-3.54e-06,-0.012,
,,,-3.53e-06,-0.012,
,,,-3.52e-06,-0.012,
,,,-3.51e-06,-0.008,
,,,-3.5e-06,-0.008,
,,,-3.49e-06,-0.012,
,,,-3.48e-06,-0.016,
,,,-3.47e-06,-0.012,
,,,-3.46e-06,-0.012,
,,,-3.45e-06,-0.008,
,,,-3.44e-06,-0.016,
,,,-3.43e-06,-0.008,
,,,-3.42e-06,-0.016,
,,,-3.41e-06,-0.016,
,,,-3.4e-06,-0.008,
,,,-3.39e-06,-0.016,
,,,-3.38e-06,-0.02,
,,,-3.37e-06,-0.012,
,,,-3.36e-06,-0.008,
,,,-3.35e-06,-0.012,
,,,-3.34e-06,-0.016,
,,,-3.33e-06,-0.008,
,,,-3.32e-06,-0.008,
,,,-3.31e-06,-0.016,
,,,-3.3e-06,-0.012,
,,,-3.29e-06,-0.012,
,,,-3.28e-06,-0.012,
,,,-3.27e-06,-0.008,
,,,-3.26e-06,-0.012,
,,,-3.25e-06,-0.016,
,,,-3.24e-06,-0.012,
,,,-3.23e-06,-0.012,
,,,-3.22e-06,-0.016,
,,,-3.21e-06,-0.016,
,,,-3.2e-06,-0.012,
,,,-3.19e-06,-0.012,
,,,-3.18e-06,-0.012,
,,,-3.17e-06,-0.004,
,,,-3.16e-06,-0.012,
,,,-3.15e-06,-0.012,
,,,-3.14e-06,-0.008,
,,,-3.13e-06,-0.008,
,,,-3.12e-06,-0.016,
,,,-3.11e-06,-0.012,
,,,-3.1e-06,-0.008,
,,,-3.09e-06,-0.012,
,,,-3.08e-06,-0.02,
,,,-3.07e-06,-0.004,
,,,-3.06e-06,-0.008,
,,,-3.05e-06,-0.012,
,,,-3.04e-06,-0.008,
,,,-3.03e-06,-0.016,
,,,-3.02e-06,-0.016,
,,,-3.01e-06,-0.012,
,,,-3e-06,-0.008,
,,,-2.99e-06,-0.004,
,,,-2.98e-06,-0.012,
,,,-2.97e-06,-0.012,
,,,-2.96e-06,-0.008,
,,,-2.95e-06,-0.012,
,,,-2.94e-06,-0.008,
,,,-2.93e-06,-0.012,
,,,-2.92e-06,-0.008,
,,,-2.91e-06,-0.012,
,,,-2.9e-06,-0.004,
,,,-2.89e-06,-0.016,
,,,-2.88e-06,-0.02,
,,,-2.87e-06,-0.012,
,,,-2.86e-06,-0.016,
,,,-2.85e-06,-0.012,
,,,-2.84e-06,-0.012,
,,,-2.83e-06,-0.008,
,,,-2.82e-06,-0.008,
,,,-2.81e-06,-0.004,
,,,-2.8e-06,-0.012,
,,,-2.79e-06,-0.012,
,,,-2.78e-06,-0.008,
,,,-2.77e-06,-0.008,
,,,-2.76e-06,-0.004,
,,,-2.75e-06,-0.008,
,,,-2.74e-06,-0.004,
,,,-2.73e-06,-0.016,
,,,-2.72e-06,-0.016,
,,,-2.71e-06,-0.008,
,,,-2.7e-06,-0.004,
,,,-2.69e-06,-0.012,
,,,-2.68e-06,-0.012,
,,,-2.67e-06,-0.008,
,,,-2.66e-06,-0.008,
,,,-2.65e-06,-0.016,
,,,-2.64e-06,-0.008,
,,,-2.63e-06,-0.008,
,,,-2.62e-06,-0.008,
,,,-2.61e-06,-0.016,
,,,-2.6e-06,-0.016,
,,,-2.59e-06,-0.012,
,,,-2.58e-06,-0.008,
,,,-2.57e-06,-0.012,
,,,-2.56e-06,-0.008,
,,,-2.55e-06,-0.008,
,,,-2.54e-06,-0.016,
,,,-2.53e-06,-0.016,
,,,-2.52e-06,-0.012,
,,,-2.51e-06,-0.008,
,,,-2.5e-06,-0.012,
,,,-2.49e-06,-0.016,
,,,-2.48e-06,-0.012,
,,,-2.47e-06,-0.012,
,,,-2.46e-06,-0.008,
,,,-2.45e-06,-0.016,
,,,-2.44e-06,-0.016,
,,,-2.43e-06,-0.016,
,,,-2.42e-06,-0.012,
,,,-2.41e-06,-0.016,
,,,-2.4e-06,-0.024,
,,,-2.39e-06,-0.02,
,,,-2.38e-06,-0.008,
,,,-2.37e-06,-0.008,
,,,-2.36e-06,-0.012,
,,,-2.35e-06,-0.016,
,,,-2.34e-06,-0.012,
,,,-2.33e-06,-0.012,
,,,-2.32e-06,-0.012,
,,,-2.31e-06,-0.012,
,,,-2.3e-06,-0.012,
,,,-2.29e-06,-0.016,
,,,-2.28e-06,-0.008,
,,,-2.27e-06,-0.008,
,,,-2.26e-06,-0.016,
,,,-2.25e-06,-0.012,
,,,-2.24e-06,-0.016,
,,,-2.23e-06,-0.016,
,,,-2.22e-06,-0.012,
,,,-2.21e-06,-0.004,
,,,-2.2e-06,-0.012,
,,,-2.19e-06,-0.016,
,,,-2.18e-06,-0.004,
,,,-2.17e-06,-0.008,
,,,-2.16e-06,-0.016,
,,,-2.15e-06,-0.016,
,,,-2.14e-06,-0.016,
,,,-2.13e-06,-0.012,
,,,-2.12e-06,-0.012,
,,,-2.11e-06,-0.008,
,,,-2.1e-06,-0.012,
,,,-2.09e-06,-0.02,
,,,-2.08e-06,-0.012,
,,,-2.07e-06,-0.012,
,,,-2.06e-06,-0.016,
,,,-2.05e-06,-0.012,
,,,-2.04e-06,-0.016,
,,,-2.03e-06,-0.02,
,,,-2.02e-06,-0.004,
,,,-2.01e-06,-0.012,
,,,-2e-06,-0.012,
,,,-1.99e-06,-0.012,
,,,-1.98e-06,-0.016,
,,,-1.97e-06,-0.012,
,,,-1.96e-06,-0.012,
,,,-1.95e-06,-0.004,
,,,-1.94e-06,-0.008,
,,,-1.93e-06,-0.012,
,,,-1.92e-06,-0.008,
,,,-1.91e-06,-0.008,
,,,-1.9e-06,-0.012,
,,,-1.89e-06,-0.012,
,,,-1.88e-06,-0.016,
,,,-1.87e-06,-0.012,
,,,-1.86e-06,-0.004,
,,,-1.85e-06,-0.008,
,,,-1.84e-06,-0.016,
,,,-1.83e-06,-0.016,
,,,-1.82e-06,-0.008,
,,,-1.81e-06,-0.012,
,,,-1.8e-06,-0.008,
,,,-1.79e-06,-0.012,
,,,-1.78e-06,-0.008,
,,,-1.77e-06,-0.008,
,,,-1.76e-06,-0.012,
,,,-1.75e-06,-0.012,
,,,-1.74e-06,-0.012,
,,,-1.73e-06,-0.012,
,,,-1.72e-06,-0.004,
,,,-1.71e-06,-0.012,
,,,-1.7e-06,-0.016,
,,,-1.69e-06,-0.008,
,,,-1.68e-06,-0.012,
,,,-1.67e-06,-0.004,
,,,-1.66e-06,-0.02,
,,,-1.65e-06,-0.004,
,,,-1.64e-06,-0.008,
,,,-1.63e-06,-0.012,
,,,-1.62e-06,-0.012,
,,,-1.61e-06,-0.012,
,,,-1.6e-06,-0.008,
,,,-1.59e-06,-0.008,
,,,-1.58e-06,-0.012,
,,,-1.57e-06,-0.012,
,,,-1.56e-06,-0.012,
,,,-1.55e-06,-0.008,
,,,-1.54e-06,-0.012,
,,,-1.53e-06,-0.012,
,,,-1.52e-06,-0.008,
,,,-1.51e-06,-0.02,
,,,-1.5e-06,-0.02,
,,,-1.49e-06,-0.016,
,,,-1.48e-06,-0.016,
,,,-1.47e-06,-0.008,
,,,-1.46e-06,-0.016,
,,,-1.45e-06,-0.012,
,,,-1.44e-06,-0.016,
,,,-1.43e-06,-0.008,
,,,-1.42e-06,-0.008,
,,,-1.41e-06,-0.016,
,,,-1.4e-06,-0.02,
,,,-1.39e-06,-0.012,
,,,-1.38e-06,-0.008,
,,,-1.37e-06,-0.012,
,,,-1.36e-06,-0.012,
,,,-1.35e-06,-0.008,
,,,-1.34e-06,-0.012,
,,,-1.33e-06,-0.016,
,,,-1.32e-06,-0.012,
,,,-1.31e-06,-0.012,
,,,-1.3e-06,-0.016,
,,,-1.29e-06,-0.016,
,,,-1.28e-06,-0.016,
,,,-1.27e-06,-0.016,
,,,-1.26e-06,-0.008,
,,,-1.25e-06,-0.016,
,,,-1.24e-06,-0.016,
,,,-1.23e-06,-0.016,
,,,-1.22e-06,-0.012,
,,,-1.21e-06,-0.016,
,,,-1.2e-06,-0.012,
,,,-1.19e-06,-0.008,
,,,-1.18e-06,-0.012,
,,,-1.17e-06,-0.012,
,,,-1.16e-06,-0.012,
,,,-1.15e-06,-0.008,
,,,-1.14e-06,-0.012,
,,,-1.13e-06,-0.012,
,,,-1.12e-06,-0.012,
,,,-1.11e-06,-0.016,
,,,-1.1e-06,-0.02,
,,,-1.09e-06,-0.012,
,,,-1.08e-06,-0.016,
,,,-1.07e-06,-0.02,
,,,-1.06e-06,-0.008,
,,,-1.05e-06,-0.016,
,,,-1.04e-06,-0.012,
,,,-1.03e-06,-0.012,
,,,-1.02e-06,-0.016,
,,,-1.01e-06,-0.012,
,,,-1e-06,-0.016,
,,,-9.9e-07,-0.012,
,,,-9.8e-07,-0.008,
,,,-9.7e-07,-0.012,
,,,-9.6e-07,-0.008,
,,,-9.5e-07,-0.008,
,,,-9.4e-07,-0.008,
,,,-9.3e-07,-0.012,
,,,-9.2e-07,-0.008,
,,,-9.1e-07,-0.008,
,,,-9e-07,-0.016,
,,,-8.9e-07,-0.012,
,,,-8.8e-07,-0.012,
,,,-8.7e-07,-0.008,
,,,-8.6e-07,-0.012,
,,,-8.5e-07,-0.008,
,,,-8.4e-07,-0.016,
,,,-8.3e-07,-0.008,
,,,-8.2e-07,-0.008,
,,,-8.1e-07,-0.008,
,,,-8e-07,-0.012,
,,,-7.9e-07,-0.012,
,,,-7.8e-07,-0.008,
,,,-7.7e-07,-0.012,
,,,-7.6e-07,-0.008,
,,,-7.5e-07,-0.016,
,,,-7.4e-07,-0.012,
,,,-7.3e-07,-0.008,
,,,-7.2e-07,-0.008,
,,,-7.1e-07,-0.016,
,,,-7e-07,-0.008,
,,,-6.9e-07,-0.016,
,,,-6.8e-07,-0.012,
,,,-6.7e-07,-0.016,
,,,-6.6e-07,-0.012,
,,,-6.5e-07,-0.012,
,,,-6.4e-07,-0.008,
,,,-6.3e-07,-0.016,
,,,-6.2e-07,-0.016,
,,,-6.1e-07,-0.008,
,,,-6e-07,-0.008,
,,,-5.9e-07,-0.012,
,,,-5.8e-07,-0.012,
,,,-5.7e-07,-0.012,
,,,-5.6e-07,-0.012,
,,,-5.5e-07,-0.012,
,,,-5.4e-07,-0.004,
,,,-5.3e-07,-0.008,
,,,-5.2e-07,-0.016,
,,,-5.1e-07,-0.016,
,,,-5e-07,-0.016,
,,,-4.9e-07,-0.012,
,,,-4.8e-07,-0.004,
,,,-4.7e-07,-0.016,
,,,-4.6e-07,-0.012,
,,,-4.5e-07,-0.016,
,,,-4.4e-07,-0.012,
,,,-4.3e-07,-0.012,
,,,-4.2e-07,-0.016,
,,,-4.1e-07,-0.02,
,,,-4e-07,-0.012,
,,,-3.9e-07,-0.012,
,,,-3.8e-07,-0.012,
,,,-3.7e-07,-0.012,
,,,-3.6e-07,-0.012,
,,,-3.5e-07,-0.016,
,,,-3.4e-07,-0.016,
,,,-3.3e-07,-0.012,
,,,-3.2e-07,-0.008,
,,,-3.1e-07,-0.02,
,,,-3e-07,-0.008,
,,,-2.9e-07,-0.016,
,,,-2.8e-07,-0.016,
,,,-2.7e-07,-0.012,
,,,-2.6e-07,-0.012,
,,,-2.5e-07,-0.016,
,,,-2.4e-07,-0.012,
,,,-2.3e-07,-0.012,
,,,-2.2e-07,-0.012,
,,,-2.1e-07,-0.012,
,,,-2e-07,-0.008,
,,,-1.9e-07,-0.012,
,,,-1.8e-07,-0.012,
,,,-1.7e-07,-0.012,
,,,-1.6e-07,-0.012,
,,,-1.5e-07,-0.012,
,,,-1.4e-07,-0.008,
,,,-1.3e-07,-0.008,
,,,-1.2e-07,-0.012,
,,,-1.1e-07,-0.02,
,,,-1e-07,-0.008,
,,,-9e-08,-0.012,
,,,-8e-08,-0.016,
,,,-7e-08,-0.012,
,,,-6e-08,-0.016,
,,,-5e-08,-0.016,
,,,-4e-08,-0.012,
,,,-3e-08,-0.012,
,,,-2e-08,-0.012,
,,,-1e-08,-0.012,
,,,-0.0,-0.016,
,,,1e-08,-0.008,
,,,2e-08,-0.016,
,,,3e-08,-0.032,
,,,4e-08,-0.06,
,,,5e-08,-0.088,
,,,6e-08,-0.092,
,,,7e-08,-0.072,
,,,8e-08,-0.032,
,,,9e-08,0.02,
,,,1e-07,0.06,
,,,1.1e-07,0.072,
,,,1.2e-07,0.064,
,,,1.3e-07,0.048,
,,,1.4e-07,0.04,
,,,1.5e-07,0.04,
,,,1.6e-07,0.044,
,,,1.7e-07,0.024,
,,,1.8e-07,-0.004,
,,,1.9e-07,-0.056,
,,,2e-07,-0.088,
,,,2.1e-07,-0.096,
,,,2.2e-07,-0.092,
,,,2.3e-07,-0.068,
,,,2.4e-07,-0.068,
,,,2.5e-07,-0.06,
,,,2.6e-07,-0.06,
,,,2.7e-07,-0.048,
,,,2.8e-07,-0.016,
,,,2.9e-07,0.032,
,,,3e-07,0.064,
,,,3.1e-07,0.088,
,,,3.2e-07,0.06,
,,,3.3e-07,0.048,
,,,3.4e-07,0.04,
,,,3.5e-07,0.048,
,,,3.6e-07,0.036,
,,,3.7e-07,0.024,
,,,3.8e-07,-0.004,
,,,3.9e-07,-0.056,
,,,4e-07,-0.092,
,,,4.1e-07,-0.096,
,,,4.2e-07,-0.084,
,,,4.3e-07,-0.072,
,,,4.4e-07,-0.072,
,,,4.5e-07,-0.056,
,,,4.6e-07,-0.06,
,,,4.7e-07,-0.056,
,,,4.8e-07,-0.02,
,,,4.9e-07,0.036,
,,,5e-07,0.064,
,,,5.1e-07,0.076,
,,,5.2e-07,0.06,
,,,5.3e-07,0.04,
,,,5.4e-07,0.036,
,,,5.5e-07,0.036,
,,,5.6e-07,0.044,
,,,5.7e-07,0.016,
,,,5.8e-07,-0.02,
,,,5.9e-07,-0.056,
,,,6e-07,-0.084,
,,,6.1e-07,-0.1,
,,,6.2e-07,-0.092,
,,,6.3e-07,-0.068,
,,,6.4e-07,-0.064,
,,,6.5e-07,-0.064,
,,,6.6e-07,-0.064,
,,,6.7e-07,-0.052,
,,,6.8e-07,-0.024,
,,,6.9e-07,0.036,
,,,7e-07,0.064,
,,,7.1e-07,0.076,
,,,7.2e-07,0.064,
,,,7.3e-07,0.04,
,,,7.4e-07,0.04,
,,,7.5e-07,0.036,
,,,7.6e-07,0.044,
,,,7.7e-07,0.028,
,,,7.8e-07,-0.012,
,,,7.9e-07,-0.052,
,,,8e-07,-0.088,
,,,8.1e-07,-0.104,
,,,8.2e-07,-0.084,
,,,8.3e-07,-0.072,
,,,8.4e-07,-0.068,
,,,8.5e-07,-0.064,
,,,8.6e-07,-0.06,
,,,8.7e-07,-0.048,
,,,8.8e-07,-0.024,
,,,8.9e-07,0.04,
,,,9e-07,0.064,
,,,9.1e-07,0.068,
,,,9.2e-07,0.06,
,,,9.3e-07,0.052,
,,,9.4e-07,0.04,
,,,9.5e-07,0.04,
,,,9.6e-07,0.044,
,,,9.7e-07,0.024,
,,,9.8e-07,-0.008,
,,,9.9e-07,-0.06,
,,,1e-06,-0.084,
,,,1.01e-06,-0.104,
,,,1.02e-06,-0.084,
,,,1.03e-06,-0.068,
,,,1.04e-06,-0.06,
,,,1.05e-06,-0.06,
,,,1.06e-06,-0.056,
,,,1.07e-06,-0.052,
,,,1.08e-06,-0.02,
,,,1.09e-06,0.028,
,,,1.1e-06,0.064,
,,,1.11e-06,0.076,
,,,1.12e-06,0.06,
,,,1.13e-06,0.048,
,,,1.14e-06,0.04,
,,,1.15e-06,0.044,
,,,1.16e-06,0.044,
,,,1.17e-06,0.02,
,,,1.18e-06,-0.008,
,,,1.19e-06,-0.052,
,,,1.2e-06,-0.08,
,,,1.21e-06,-0.108,
,,,1.22e-06,-0.084,
,,,1.23e-06,-0.072,
,,,1.24e-06,-0.068,
,,,1.25e-06,-0.056,
,,,1.26e-06,-0.06,
,,,1.27e-06,-0.052,
,,,1.28e-06,-0.012,
,,,1.29e-06,0.032,
,,,1.3e-06,0.072,
,,,1.31e-06,0.072,
,,,1.32e-06,0.064,
,,,1.33e-06,0.048,
,,,1.34e-06,0.048,
,,,1.35e-06,0.036,
,,,1.36e-06,0.032,
,,,1.37e-06,0.028,
,,,1.38e-06,-0.008,
,,,1.39e-06,-0.056,
,,,1.4e-06,-0.084,
,,,1.41e-06,-0.1,
,,,1.42e-06,-0.088,
,,,1.43e-06,-0.068,
,,,1.44e-06,-0.056,
,,,1.45e-06,-0.06,
,,,1.46e-06,-0.064,
,,,1.47e-06,-0.052,
,,,1.48e-06,-0.016,
,,,1.49e-06,0.04,
,,,1.5e-06,0.068,
,,,1.51e-06,0.076,
,,,1.52e-06,0.06,
,,,1.53e-06,0.044,
,,,1.54e-06,0.044,
,,,1.55e-06,0.04,
,,,1.56e-06,0.032,
,,,1.57e-06,0.02,
,,,1.58e-06,-0.008,
,,,1.59e-06,-0.052,
,,,1.6e-06,-0.088,
,,,1.61e-06,-0.1,
,,,1.62e-06,-0.092,
,,,1.63e-06,-0.068,
,,,1.64e-06,-0.072,
,,,1.65e-06,-0.06,
,,,1.66e-06,-0.064,
,,,1.67e-06,-0.048,
,,,1.68e-06,-0.012,
,,,1.69e-06,0.028,
,,,1.7e-06,0.064,
,,,1.71e-06,0.084,
,,,1.72e-06,0.064,
,,,1.73e-06,0.04,
,,,1.74e-06,0.044,
,,,1.75e-06,0.04,
,,,1.76e-06,0.036,
,,,1.77e-06,0.028,
,,,1.78e-06,-0.008,
,,,1.79e-06,-0.056,
,,,1.8e-06,-0.092,
,,,1.81e-06,-0.1,
,,,1.82e-06,-0.084,
,,,1.83e-06,-0.072,
,,,1.84e-06,-0.06,
,,,1.85e-06,-0.06,
,,,1.86e-06,-0.06,
,,,1.87e-06,-0.056,
,,,1.88e-06,-0.016,
,,,1.89e-06,0.032,
,,,1.9e-06,0.06,
,,,1.91e-06,0.08,
,,,1.92e-06,0.068,
,,,1.93e-06,0.048,
,,,1.94e-06,0.044,
,,,1.95e-06,0.044,
,,,1.96e-06,0.04,
,,,1.97e-06,0.024,
,,,1.98e-06,-0.012,
,,,1.99e-06,-0.048,
,,,2e-06,-0.092,
,,,2.01e-06,-0.1,
,,,2.02e-06,-0.084,
,,,2.03e-06,-0.064,
,,,2.04e-06,-0.06,
,,,2.05e-06,-0.056,
,,,2.06e-06,-0.068,
,,,2.07e-06,-0.048,
,,,2.08e-06,-0.016,
,,,2.09e-06,0.036,
,,,2.1e-06,0.064,
,,,2.11e-06,0.08,
,,,2.12e-06,0.064,
,,,2.13e-06,0.044,
,,,2.14e-06,0.044,
,,,2.15e-06,0.044,
,,,2.16e-06,0.04,
,,,2.17e-06,0.028,
,,,2.18e-06,-0.004,
,,,2.19e-06,-0.052,
,,,2.2e-06,-0.092,
,,,2.21e-06,-0.1,
,,,2.22e-06,-0.088,
,,,2.23e-06,-0.068,
,,,2.24e-06,-0.06,
,,,2.25e-06,-0.064,
,,,2.26e-06,-0.068,
,,,2.27e-06,-0.044,
,,,2.28e-06,-0.02,
,,,2.29e-06,0.04,
,,,2.3e-06,0.064,
,,,2.31e-06,0.084,
,,,2.32e-06,0.064,
,,,2.33e-06,0.048,
,,,2.34e-06,0.036,
,,,2.35e-06,0.036,
,,,2.36e-06,0.04,
,,,2.37e-06,0.024,
,,,2.38e-06,-0.008,
,,,2.39e-06,-0.056,
,,,2.4e-06,-0.088,
,,,2.41e-06,-0.104,
,,,2.42e-06,-0.088,
,,,2.43e-06,-0.064,
,,,2.44e-06,-0.064,
,,,2.45e-06,-0.068,
,,,2.46e-06,-0.064,
,,,2.47e-06,-0.048,
,,,2.48e-06,-0.016,
,,,2.49e-06,0.036,
,,,2.5e-06,0.06,
,,,2.51e-06,0.076,
,,,2.52e-06,0.064,
,,,2.53e-06,0.048,
,,,2.54e-06,0.044,
,,,2.55e-06,0.04,
,,,2.56e-06,0.032,
,,,2.57e-06,0.024,
,,,2.58e-06,-0.004,
,,,2.59e-06,-0.056,
,,,2.6e-06,-0.096,
,,,2.61e-06,-0.1,
,,,2.62e-06,-0.088,
,,,2.63e-06,-0.076,
,,,2.64e-06,-0.06,
,,,2.65e-06,-0.06,
,,,2.66e-06,-0.064,
,,,2.67e-06,-0.044,
,,,2.68e-06,-0.016,
,,,2.69e-06,0.032,
,,,2.7e-06,0.068,
,,,2.71e-06,0.076,
,,,2.72e-06,0.064,
,,,2.73e-06,0.044,
,,,2.74e-06,0.04,
,,,2.75e-06,0.044,
,,,2.76e-06,0.04,
,,,2.77e-06,0.028,
,,,2.78e-06,-0.008,
,,,2.79e-06,-0.056,
,,,2.8e-06,-0.088,
,,,2.81e-06,-0.104,
,,,2.82e-06,-0.08,
,,,2.83e-06,-0.072,
,,,2.84e-06,-0.064,
,,,2.85e-06,-0.064,
,,,2.86e-06,-0.064,
,,,2.87e-06,-0.04,
,,,2.88e-06,-0.016,
,,,2.89e-06,0.036,
,,,2.9e-06,0.068,
,,,2.91e-06,0.08,
,,,2.92e-06,0.06,
,,,2.93e-06,0.048,
,,,2.94e-06,0.04,
,,,2.95e-06,0.04,
,,,2.96e-06,0.036,
,,,2.97e-06,0.016,
,,,2.98e-06,-0.008,
,,,2.99e-06,-0.056,
,,,3e-06,-0.088,
,,,3.01e-06,-0.1,
,,,3.02e-06,-0.088,
,,,3.03e-06,-0.072,
,,,3.04e-06,-0.06,
,,,3.05e-06,-0.064,
,,,3.06e-06,-0.06,
,,,3.07e-06,-0.044,
,,,3.08e-06,-0.016,
,,,3.09e-06,0.036,
,,,3.1e-06,0.072,
,,,3.11e-06,0.08,
,,,3.12e-06,0.06,
,,,3.13e-06,0.052,
,,,3.14e-06,0.044,
,,,3.15e-06,0.04,
,,,3.16e-06,0.04,
,,,3.17e-06,0.028,
,,,3.18e-06,-0.004,
,,,3.19e-06,-0.056,
,,,3.2e-06,-0.084,
,,,3.21e-06,-0.1,
,,,3.22e-06,-0.092,
,,,3.23e-06,-0.06,
,,,3.24e-06,-0.064,
,,,3.25e-06,-0.068,
,,,3.26e-06,-0.064,
,,,3.27e-06,-0.048,
,,,3.28e-06,-0.008,
,,,3.29e-06,0.036,
,,,3.3e-06,0.072,
,,,3.31e-06,0.08,
,,,3.32e-06,0.068,
,,,3.33e-06,0.048,
,,,3.34e-06,0.036,
,,,3.35e-06,0.044,
,,,3.36e-06,0.044,
,,,3.37e-06,0.028,
,,,3.38e-06,-0.004,
,,,3.39e-06,-0.056,
,,,3.4e-06,-0.092,
,,,3.41e-06,-0.104,
,,,3.42e-06,-0.08,
,,,3.43e-06,-0.064,
,,,3.44e-06,-0.072,
,,,3.45e-06,-0.064,
,,,3.46e-06,-0.06,
,,,3.47e-06,-0.044,
,,,3.48e-06,-0.016,
,,,3.49e-06,0.028,
,,,3.5e-06,0.068,
,,,3.51e-06,0.076,
,,,3.52e-06,0.064,
,,,3.53e-06,0.048,
,,,3.54e-06,0.036,
,,,3.55e-06,0.032,
,,,3.56e-06,0.04,
,,,3.57e-06,0.032,
,,,3.58e-06,-0.0,
,,,3.59e-06,-0.064,
,,,3.6e-06,-0.096,
,,,3.61e-06,-0.096,
,,,3.62e-06,-0.088,
,,,3.63e-06,-0.068,
,,,3.64e-06,-0.064,
,,,3.65e-06,-0.064,
,,,3.66e-06,-0.056,
,,,3.67e-06,-0.052,
,,,3.68e-06,-0.016,
,,,3.69e-06,0.036,
,,,3.7e-06,0.064,
,,,3.71e-06,0.076,
,,,3.72e-06,0.064,
,,,3.73e-06,0.052,
,,,3.74e-06,0.04,
,,,3.75e-06,0.04,
,,,3.76e-06,0.048,
,,,3.77e-06,0.028,
,,,3.78e-06,-0.012,
,,,3.79e-06,-0.052,
,,,3.8e-06,-0.092,
,,,3.81e-06,-0.1,
,,,3.82e-06,-0.084,
,,,3.83e-06,-0.068,
,,,3.84e-06,-0.068,
,,,3.85e-06,-0.068,
,,,3.86e-06,-0.056,
,,,3.87e-06,-0.048,
,,,3.88e-06,-0.02,
,,,3.89e-06,0.036,
,,,3.9e-06,0.064,
,,,3.91e-06,0.08,
,,,3.92e-06,0.064,
,,,3.93e-06,0.056,
,,,3.94e-06,0.044,
,,,3.95e-06,0.04,
,,,3.96e-06,0.036,
,,,3.97e-06,0.024,
,,,3.98e-06,-0.008,
,,,3.99e-06,-0.056,
,,,4e-06,-0.088,
,,,4.01e-06,-0.1,
,,,4.02e-06,-0.088,
,,,4.03e-06,-0.064,
,,,4.04e-06,-0.068,
,,,4.05e-06,-0.06,
,,,4.06e-06,-0.072,
,,,4.07e-06,-0.048,
,,,4.08e-06,-0.012,
,,,4.09e-06,0.036,
,,,4.1e-06,0.064,
,,,4.11e-06,0.076,
,,,4.12e-06,0.068,
,,,4.13e-06,0.048,
,,,4.14e-06,0.04,
,,,4.15e-06,0.04,
,,,4.16e-06,0.044,
,,,4.17e-06,0.028,
,,,4.18e-06,-0.008,
,,,4.19e-06,-0.056,
,,,4.2e-06,-0.088,
,,,4.21e-06,-0.104,
,,,4.22e-06,-0.084,
,,,4.23e-06,-0.068,
,,,4.24e-06,-0.068,
,,,4.25e-06,-0.06,
,,,4.26e-06,-0.06,
,,,4.27e-06,-0.044,
,,,4.28e-06,-0.02,
,,,4.29e-06,0.036,
,,,4.3e-06,0.064,
,,,4.31e-06,0.084,
,,,4.32e-06,0.06,
,,,4.33e-06,0.048,
,,,4.34e-06,0.04,
,,,4.35e-06,0.036,
,,,4.36e-06,0.04,
,,,4.37e-06,0.024,
,,,4.38e-06,-0.004,
,,,4.39e-06,-0.06,
,,,4.4e-06,-0.088,
,,,4.41e-06,-0.1,
,,,4.42e-06,-0.088,
,,,4.43e-06,-0.08,
,,,4.44e-06,-0.072,
,,,4.45e-06,-0.06,
,,,4.46e-06,-0.06,
,,,4.47e-06,-0.048,
,,,4.48e-06,-0.024,
,,,4.49e-06,0.028,
,,,4.5e-06,0.064,
,,,4.51e-06,0.08,
,,,4.52e-06,0.06,
,,,4.53e-06,0.04,
,,,4.54e-06,0.036,
,,,4.55e-06,0.04,
,,,4.56e-06,0.04,
,,,4.57e-06,0.028,
,,,4.58e-06,-0.008,
,,,4.59e-06,-0.056,
,,,4.6e-06,-0.088,
,,,4.61e-06,-0.104,
,,,4.62e-06,-0.084,
,,,4.63e-06,-0.068,
,,,4.64e-06,-0.072,
,,,4.65e-06,-0.06,
,,,4.66e-06,-0.064,
,,,4.67e-06,-0.048,
,,,4.68e-06,-0.016,
,,,4.69e-06,0.032,
,,,4.7e-06,0.064,
,,,4.71e-06,0.076,
,,,4.72e-06,0.064,
,,,4.73e-06,0.048,
,,,4.74e-06,0.04,
,,,4.75e-06,0.048,
,,,4.76e-06,0.048,
,,,4.77e-06,0.028,
,,,4.78e-06,-0.008,
,,,4.79e-06,-0.056,
,,,4.8e-06,-0.092,
,,,4.81e-06,-0.104,
,,,4.82e-06,-0.088,
,,,4.83e-06,-0.068,
,,,4.84e-06,-0.076,
,,,4.85e-06,-0.064,
,,,4.86e-06,-0.06,
,,,4.87e-06,-0.052,
,,,4.88e-06,-0.012,
,,,4.89e-06,0.032,
,,,4.9e-06,0.06,
,,,4.91e-06,0.084,
,,,4.92e-06,0.064,
,,,4.93e-06,0.052,
,,,4.94e-06,0.044,
,,,4.95e-06,0.036,
,,,4.96e-06,0.044,
,,,4.97e-06,0.028,
,,,4.98e-06,-0.0,
,,,4.99e-06,-0.056,
,,,5e-06,-0.088,
,,,5.01e-06,-0.1,
,,,5.02e-06,-0.08,
,,,5.03e-06,-0.068,
,,,5.04e-06,-0.068,
,,,5.05e-06,-0.072,
,,,5.06e-06,-0.056,
,,,5.07e-06,-0.048,
,,,5.08e-06,-0.012,
,,,5.09e-06,0.036,
,,,5.1e-06,0.064,
,,,5.11e-06,0.08,
,,,5.12e-06,0.072,
,,,5.13e-06,0.052,
,,,5.14e-06,0.04,
,,,5.15e-06,0.044,
,,,5.16e-06,0.048,
,,,5.17e-06,0.028,
,,,5.18e-06,-0.004,
,,,5.19e-06,-0.056,
,,,5.2e-06,-0.088,
,,,5.21e-06,-0.1,
,,,5.22e-06,-0.08,
,,,5.23e-06,-0.076,
,,,5.24e-06,-0.068,
,,,5.25e-06,-0.064,
,,,5.26e-06,-0.056,
,,,5.27e-06,-0.048,
,,,5.28e-06,-0.012,
,,,5.29e-06,0.032,
,,,5.3e-06,0.072,
,,,5.31e-06,0.08,
,,,5.32e-06,0.06,
,,,5.33e-06,0.044,
,,,5.34e-06,0.04,
,,,5.35e-06,0.044,
,,,5.36e-06,0.044,
,,,5.37e-06,0.028,
,,,5.38e-06,-0.008,
,,,5.39e-06,-0.056,
,,,5.4e-06,-0.084,
,,,5.41e-06,-0.1,
,,,5.42e-06,-0.084,
,,,5.43e-06,-0.076,
,,,5.44e-06,-0.064,
,,,5.45e-06,-0.064,
,,,5.46e-06,-0.06,
,,,5.47e-06,-0.048,
,,,5.48e-06,-0.016,
,,,5.49e-06,0.028,
,,,5.5e-06,0.064,
,,,5.51e-06,0.08,
,,,5.52e-06,0.06,
,,,5.53e-06,0.04,
,,,5.54e-06,0.04,
,,,5.55e-06,0.048,
,,,5.56e-06,0.04,
,,,5.57e-06,0.02,
,,,5.58e-06,-0.012,
,,,5.59e-06,-0.056,
,,,5.6e-06,-0.092,
,,,5.61e-06,-0.1,
,,,5.62e-06,-0.084,
,,,5.63e-06,-0.072,
,,,5.64e-06,-0.06,
,,,5.65e-06,-0.064,
,,,5.66e-06,-0.064,
,,,5.67e-06,-0.044,
,,,5.68e-06,-0.02,
,,,5.69e-06,0.028,
,,,5.7e-06,0.068,
,,,5.71e-06,0.08,
,,,5.72e-06,0.068,
,,,5.73e-06,0.048,
,,,5.74e-06,0.044,
,,,5.75e-06,0.04,
,,,5.76e-06,0.04,
,,,5.77e-06,0.02,
,,,5.78e-06,-0.008,
,,,5.79e-06,-0.06,
,,,5.8e-06,-0.088,
,,,5.81e-06,-0.104,
,,,5.82e-06,-0.084,
,,,5.83e-06,-0.076,
,,,5.84e-06,-0.06,
,,,5.85e-06,-0.06,
,,,5.86e-06,-0.068,
,,,5.87e-06,-0.04,
,,,5.88e-06,-0.008,
,,,5.89e-06,0.032,
,,,5.9e-06,0.068,
,,,5.91e-06,0.08,
,,,5.92e-06,0.068,
,,,5.93e-06,0.048,
,,,5.94e-06,0.04,
,,,5.95e-06,0.04,
,,,5.96e-06,0.036,
,,,5.97e-06,0.028,
,,,5.98e-06,-0.008,
,,,5.99e-06,-0.052,
,,,6e-06,-0.084,
,,,6.01e-06,-0.096,
,,,6.02e-06,-0.088,
,,,6.03e-06,-0.068,
,,,6.04e-06,-0.068,
,,,6.05e-06,-0.064,
,,,6.06e-06,-0.06,
,,,6.07e-06,-0.04,
,,,6.08e-06,-0.016,
,,,6.09e-06,0.036,
,,,6.1e-06,0.068,
,,,6.11e-06,0.084,
,,,6.12e-06,0.06,
,,,6.13e-06,0.012,
,,,6.14e-06,-0.044,
,,,6.15e-06,-0.08,
,,,6.16e-06,-0.1,
,,,6.17e-06,-0.076,
,,,6.18e-06,-0.032,
,,,6.19e-06,0.024,
,,,6.2e-06,0.068,
,,,6.21e-06,0.072,
,,,6.22e-06,0.052,
,,,6.23e-06,0.016,
,,,6.24e-06,-0.036,
,,,6.25e-06,-0.08,
,,,6.26e-06,-0.096,
,,,6.27e-06,-0.072,
,,,6.28e-06,-0.036,
,,,6.29e-06,0.02,
,,,6.3e-06,0.056,
,,,6.31e-06,0.068,
,,,6.32e-06,0.052,
,,,6.33e-06,0.012,
,,,6.34e-06,-0.036,
,,,6.35e-06,-0.08,
,,,6.36e-06,-0.092,
,,,6.37e-06,-0.076,
,,,6.38e-06,-0.04,
,,,6.39e-06,0.02,
,,,6.4e-06,0.064,
,,,6.41e-06,0.068,
,,,6.42e-06,0.048,
,,,6.43e-06,0.008,
,,,6.44e-06,-0.044,
,,,6.45e-06,-0.084,
,,,6.46e-06,-0.096,
,,,6.47e-06,-0.072,
,,,6.48e-06,-0.036,
,,,6.49e-06,0.016,
,,,6.5e-06,0.064,
,,,6.51e-06,0.064,
,,,6.52e-06,0.044,
,,,6.53e-06,0.008,
,,,6.54e-06,-0.044,
,,,6.55e-06,-0.084,
,,,6.56e-06,-0.092,
,,,6.57e-06,-0.072,
,,,6.58e-06,-0.028,
,,,6.59e-06,0.02,
,,,6.6e-06,0.056,
,,,6.61e-06,0.064,
,,,6.62e-06,0.052,
,,,6.63e-06,0.008,
,,,6.64e-06,-0.048,
,,,6.65e-06,-0.084,
,,,6.66e-06,-0.088,
,,,6.67e-06,-0.076,
,,,6.68e-06,-0.036,
,,,6.69e-06,0.02,
,,,6.7e-06,0.056,
,,,6.71e-06,0.064,
,,,6.72e-06,0.06,
,,,6.73e-06,0.02,
,,,6.74e-06,-0.04,
,,,6.75e-06,-0.076,
,,,6.76e-06,-0.092,
,,,6.77e-06,-0.072,
,,,6.78e-06,-0.032,
,,,6.79e-06,0.02,
,,,6.8e-06,0.064,
,,,6.81e-06,0.068,
,,,6.82e-06,0.044,
,,,6.83e-06,0.008,
,,,6.84e-06,-0.044,
,,,6.85e-06,-0.088,
,,,6.86e-06,-0.088,
,,,6.87e-06,-0.072,
,,,6.88e-06,-0.032,
,,,6.89e-06,0.02,
,,,6.9e-06,0.06,
,,,6.91e-06,0.076,
,,,6.92e-06,0.052,
,,,6.93e-06,0.012,
,,,6.94e-06,-0.044,
,,,6.95e-06,-0.088,
,,,6.96e-06,-0.088,
,,,6.97e-06,-0.076,
,,,6.98e-06,-0.036,
,,,6.99e-06,0.02,
,,,7e-06,0.068,
,,,7.01e-06,0.068,
,,,7.02e-06,0.052,
,,,7.03e-06,0.004,
,,,7.04e-06,-0.04,
,,,7.05e-06,-0.08,
,,,7.06e-06,-0.092,
,,,7.07e-06,-0.08,
,,,7.08e-06,-0.032,
,,,7.09e-06,0.024,
,,,7.1e-06,0.064,
,,,7.11e-06,0.072,
,,,7.12e-06,0.052,
,,,7.13e-06,0.012,
,,,7.14e-06,-0.04,
,,,7.15e-06,-0.088,
,,,7.16e-06,-0.088,
,,,7.17e-06,-0.068,
,,,7.18e-06,-0.036,
,,,7.19e-06,0.02,
,,,7.2e-06,0.068,
,,,7.21e-06,0.072,
,,,7.22e-06,0.052,
,,,7.23e-06,0.004,
,,,7.24e-06,-0.044,
,,,7.25e-06,-0.092,
,,,7.26e-06,-0.088,
,,,7.27e-06,-0.076,
,,,7.28e-06,-0.024,
,,,7.29e-06,0.02,
,,,7.3e-06,0.056,
,,,7.31e-06,0.076,
,,,7.32e-06,0.056,
,,,7.33e-06,0.008,
,,,7.34e-06,-0.04,
,,,7.35e-06,-0.08,
,,,7.36e-06,-0.092,
,,,7.37e-06,-0.072,
,,,7.38e-06,-0.028,
,,,7.39e-06,0.024,
,,,7.4e-06,0.06,
,,,7.41e-06,0.068,
,,,7.42e-06,0.056,
,,,7.43e-06,0.008,
,,,7.44e-06,-0.044,
,,,7.45e-06,-0.084,
,,,7.46e-06,-0.088,
,,,7.47e-06,-0.088,
,,,7.48e-06,-0.032,
,,,7.49e-06,0.024,
,,,7.5e-06,0.052,
,,,7.51e-06,0.064,
,,,7.52e-06,0.056,
,,,7.53e-06,0.008,
,,,7.54e-06,-0.04,
,,,7.55e-06,-0.084,
,,,7.56e-06,-0.1,
,,,7.57e-06,-0.076,
,,,7.58e-06,-0.032,
,,,7.59e-06,0.02,
,,,7.6e-06,0.064,
,,,7.61e-06,0.064,
,,,7.62e-06,0.052,
,,,7.63e-06,0.008,
,,,7.64e-06,-0.048,
,,,7.65e-06,-0.08,
,,,7.66e-06,-0.096,
,,,7.67e-06,-0.076,
,,,7.68e-06,-0.036,
,,,7.69e-06,0.02,
,,,7.7e-06,0.06,
,,,7.71e-06,0.064,
,,,7.72e-06,0.056,
,,,7.73e-06,0.016,
,,,7.74e-06,-0.04,
,,,7.75e-06,-0.08,
,,,7.76e-06,-0.092,
,,,7.77e-06,-0.072,
,,,7.78e-06,-0.032,
,,,7.79e-06,0.028,
,,,7.8e-06,0.064,
,,,7.81e-06,0.064,
,,,7.82e-06,0.056,
,,,7.83e-06,0.008,
,,,7.84e-06,-0.048,
,,,7.85e-06,-0.084,
,,,7.86e-06,-0.092,
,,,7.87e-06,-0.076,
,,,7.88e-06,-0.028,
,,,7.89e-06,0.024,
,,,7.9e-06,0.064,
,,,7.91e-06,0.068,
,,,7.92e-06,0.048,
,,,7.93e-06,0.012,
,,,7.94e-06,-0.044,
,,,7.95e-06,-0.08,
,,,7.96e-06,-0.092,
,,,7.97e-06,-0.072,
,,,7.98e-06,-0.028,
,,,7.99e-06,0.028,
,,,8e-06,0.06,
,,,8.01e-06,0.064,
,,,8.02e-06,0.052,
,,,8.03e-06,0.004,
,,,8.04e-06,-0.044,
,,,8.05e-06,-0.08,
,,,8.06e-06,-0.092,
,,,8.07e-06,-0.072,
,,,8.08e-06,-0.028,
,,,8.09e-06,0.024,
,,,8.1e-06,0.064,
,,,8.11e-06,0.076,
,,,8.12e-06,0.056,
,,,8.13e-06,0.016,
,,,8.14e-06,-0.044,
,,,8.15e-06,-0.076,
,,,8.16e-06,-0.096,
,,,8.17e-06,-0.076,
,,,8.18e-06,-0.032,
,,,8.19e-06,0.02,
,,,8.2e-06,0.056,
,,,8.21e-06,0.072,
,,,8.22e-06,0.052,
,,,8.23e-06,0.016,
,,,8.24e-06,-0.052,
,,,8.25e-06,-0.08,
,,,8.26e-06,-0.092,
,,,8.27e-06,-0.068,
,,,8.28e-06,-0.032,
,,,8.29e-06,0.016,
,,,8.3e-06,0.064,
,,,8.31e-06,0.068,
,,,8.32e-06,0.056,
,,,8.33e-06,0.012,
,,,8.34e-06,-0.044,
,,,8.35e-06,-0.088,
,,,8.36e-06,-0.096,
,,,8.37e-06,-0.068,
,,,8.38e-06,-0.032,
,,,8.39e-06,0.016,
,,,8.4e-06,0.064,
,,,8.41e-06,0.068,
,,,8.42e-06,0.048,
,,,8.43e-06,0.012,
,,,8.44e-06,-0.048,
,,,8.45e-06,-0.084,
,,,8.46e-06,-0.096,
,,,8.47e-06,-0.072,
,,,8.48e-06,-0.032,
,,,8.49e-06,0.012,
,,,8.5e-06,0.056,
,,,8.51e-06,0.076,
,,,8.52e-06,0.056,
,,,8.53e-06,0.012,
,,,8.54e-06,-0.052,
,,,8.55e-06,-0.076,
,,,8.56e-06,-0.088,
,,,8.57e-06,-0.08,
,,,8.58e-06,-0.032,
,,,8.59e-06,0.024,
,,,8.6e-06,0.056,
,,,8.61e-06,0.072,
,,,8.62e-06,0.052,
,,,8.63e-06,0.004,
,,,8.64e-06,-0.044,
,,,8.65e-06,-0.092,
,,,8.66e-06,-0.1,
,,,8.67e-06,-0.076,
,,,8.68e-06,-0.028,
,,,8.69e-06,0.024,
,,,8.7e-06,0.064,
,,,8.71e-06,0.076,
,,,8.72e-06,0.052,
,,,8.73e-06,0.012,
,,,8.74e-06,-0.04,
,,,8.75e-06,-0.08,
,,,8.76e-06,-0.096,
,,,8.77e-06,-0.072,
,,,8.78e-06,-0.028,
,,,8.79e-06,0.024,
,,,8.8e-06,0.06,
,,,8.81e-06,0.072,
,,,8.82e-06,0.048,
,,,8.83e-06,0.004,
,,,8.84e-06,-0.036,
,,,8.85e-06,-0.084,
,,,8.86e-06,-0.1,
,,,8.87e-06,-0.072,
,,,8.88e-06,-0.036,
,,,8.89e-06,0.024,
,,,8.9e-06,0.06,
,,,8.91e-06,0.064,
,,,8.92e-06,0.052,
,,,8.93e-06,0.008,
,,,8.94e-06,-0.048,
,,,8.95e-06,-0.08,
,,,8.96e-06,-0.092,
,,,8.97e-06,-0.076,
,,,8.98e-06,-0.02,
,,,8.99e-06,0.02,
,,,9e-06,0.06,
,,,9.01e-06,0.064,
,,,9.02e-06,0.052,
,,,9.03e-06,0.008,
,,,9.04e-06,-0.044,
,,,9.05e-06,-0.088,
,,,9.06e-06,-0.088,
,,,9.07e-06,-0.072,
,,,9.08e-06,-0.028,
,,,9.09e-06,0.02,
,,,9.1e-06,0.06,
,,,9.11e-06,0.072,
,,,9.12e-06,0.06,
,,,9.13e-06,0.008,
,,,9.14e-06,-0.04,
,,,9.15e-06,-0.084,
,,,9.16e-06,-0.092,
,,,9.17e-06,-0.068,
,,,9.18e-06,-0.028,
,,,9.19e-06,0.016,
,,,9.2e-06,0.068,
,,,9.21e-06,0.072,
,,,9.22e-06,0.06,
,,,9.23e-06,0.004,
,,,9.24e-06,-0.04,
,,,9.25e-06,-0.084,
,,,9.26e-06,-0.088,
,,,9.27e-06,-0.072,
,,,9.28e-06,-0.036,
,,,9.29e-06,0.024,
,,,9.3e-06,0.064,
,,,9.31e-06,0.076,
,,,9.32e-06,0.056,
,,,9.33e-06,0.008,
,,,9.34e-06,-0.04,
,,,9.35e-06,-0.084,
,,,9.36e-06,-0.08,
,,,9.37e-06,-0.072,
,,,9.38e-06,-0.036,
,,,9.39e-06,0.016,
,,,9.4e-06,0.064,
,,,9.41e-06,0.072,
,,,9.42e-06,0.056,
,,,9.43e-06,0.008,
,,,9.44e-06,-0.036,
,,,9.45e-06,-0.088,
,,,9.46e-06,-0.096,
,,,9.47e-06,-0.072,
,,,9.48e-06,-0.04,
,,,9.49e-06,0.016,
,,,9.5e-06,0.06,
,,,9.51e-06,0.072,
,,,9.52e-06,0.056,
,,,9.53e-06,-0.0,
,,,9.54e-06,-0.036,
,,,9.55e-06,-0.08,
,,,9.56e-06,-0.092,
,,,9.57e-06,-0.072,
,,,9.58e-06,-0.028,
,,,9.59e-06,0.024,
,,,9.6e-06,0.068,
,,,9.61e-06,0.068,
,,,9.62e-06,0.048,
,,,9.63e-06,0.012,
,,,9.64e-06,-0.052,
,,,9.65e-06,-0.084,
,,,9.66e-06,-0.096,
,,,9.67e-06,-0.072,
,,,9.68e-06,-0.032,
,,,9.69e-06,0.028,
,,,9.7e-06,0.064,
,,,9.71e-06,0.072,
,,,9.72e-06,0.052,
,,,9.73e-06,0.008,
,,,9.74e-06,-0.048,
,,,9.75e-06,-0.08,
,,,9.76e-06,-0.088,
,,,9.77e-06,-0.072,
,,,9.78e-06,-0.024,
,,,9.79e-06,0.012,
,,,9.8e-06,0.068,
,,,9.81e-06,0.072,
,,,9.82e-06,0.044,
,,,9.83e-06,0.008,
,,,9.84e-06,-0.04,
,,,9.85e-06,-0.08,
,,,9.86e-06,-0.088,
,,,9.87e-06,-0.076,
,,,9.88e-06,-0.028,
,,,9.89e-06,0.024,
,,,9.9e-06,0.064,
,,,9.91e-06,0.072,
,,,9.92e-06,0.044,
,,,9.93e-06,0.012,
,,,9.94e-06,-0.048,
,,,9.95e-06,-0.08,
,,,9.96e-06,-0.088,
,,,9.97e-06,-0.064,
,,,9.98e-06,-0.032,
,,,9.99e-06,0.024,
,,,1e-05,0.06,
,,,1.001e-05,0.068,
,,,1.002e-05,0.052,
,,,1.003e-05,0.012,
,,,1.004e-05,-0.044,
,,,1.005e-05,-0.08,
,,,1.006e-05,-0.084,
,,,1.007e-05,-0.068,
,,,1.008e-05,-0.028,
,,,1.009e-05,0.024,
,,,1.01e-05,0.068,
,,,1.011e-05,0.076,
,,,1.012e-05,0.056,
,,,1.013e-05,0.016,
,,,1.014e-05,-0.04,
,,,1.015e-05,-0.084,
,,,1.016e-05,-0.088,
,,,1.017e-05,-0.068,
,,,1.018e-05,-0.04,
,,,1.019e-05,0.024,
,,,1.02e-05,0.06,
,,,1.021e-05,0.076,
,,,1.022e-05,0.044,
,,,1.023e-05,0.008,
,,,1.024e-05,-0.04,
,,,1.025e-05,-0.076,
,,,1.026e-05,-0.088,
,,,1.027e-05,-0.08,
,,,1.028e-05,-0.028,
,,,1.029e-05,0.024,
,,,1.03e-05,0.06,
,,,1.031e-05,0.072,
,,,1.032e-05,0.06,
,,,1.033e-05,0.012,
,,,1.034e-05,-0.044,
,,,1.035e-05,-0.076,
,,,1.036e-05,-0.092,
,,,1.037e-05,-0.076,
,,,1.038e-05,-0.036,
,,,1.039e-05,0.024,
,,,1.04e-05,0.06,
,,,1.041e-05,0.068,
,,,1.042e-05,0.048,
,,,1.043e-05,0.008,
,,,1.044e-05,-0.048,
,,,1.045e-05,-0.08,
,,,1.046e-05,-0.092,
,,,1.047e-05,-0.076,
,,,1.048e-05,-0.036,
,,,1.049e-05,0.02,
,,,1.05e-05,0.068,
,,,1.051e-05,0.072,
,,,1.052e-05,0.048,
,,,1.053e-05,0.012,
,,,1.054e-05,-0.048,
,,,1.055e-05,-0.088,
,,,1.056e-05,-0.088,
,,,1.057e-05,-0.064,
,,,1.058e-05,-0.032,
,,,1.059e-05,0.032,
,,,1.06e-05,0.06,
,,,1.061e-05,0.064,
,,,1.062e-05,0.052,
,,,1.063e-05,0.004,
,,,1.064e-05,-0.044,
,,,1.065e-05,-0.088,
,,,1.066e-05,-0.092,
,,,1.067e-05,-0.076,
,,,1.068e-05,-0.036,
,,,1.069e-05,0.028,
,,,1.07e-05,0.064,
,,,1.071e-05,0.076,
,,,1.072e-05,0.052,
,,,1.073e-05,0.012,
,,,1.074e-05,-0.044,
,,,1.075e-05,-0.084,
,,,1.076e-05,-0.088,
,,,1.077e-05,-0.072,
,,,1.078e-05,-0.04,
,,,1.079e-05,0.028,
,,,1.08e-05,0.064,
,,,1.081e-05,0.064,
,,,1.082e-05,0.052,
,,,1.083e-05,0.012,
,,,1.084e-05,-0.044,
,,,1.085e-05,-0.08,
,,,1.086e-05,-0.088,
,,,1.087e-05,-0.072,
,,,1.088e-05,-0.032,
,,,1.089e-05,0.016,
,,,1.09e-05,0.064,
,,,1.091e-05,0.068,
,,,1.092e-05,0.056,
,,,1.093e-05,0.012,
,,,1.094e-05,-0.044,
,,,1.095e-05,-0.08,
,,,1.096e-05,-0.088,
,,,1.097e-05,-0.072,
,,,1.098e-05,-0.032,
,,,1.099e-05,0.02,
,,,1.1e-05,0.064,
,,,1.101e-05,0.08,
,,,1.102e-05,0.06,
,,,1.103e-05,0.044,
,,,1.104e-05,0.04,
,,,1.105e-05,0.044,
,,,1.106e-05,0.048,
,,,1.107e-05,0.032,
,,,1.108e-05,-0.0,
,,,1.109e-05,-0.052,
,,,1.11e-05,-0.084,
,,,1.111e-05,-0.112,
,,,1.112e-05,-0.076,
,,,1.113e-05,-0.032,
,,,1.114e-05,0.02,
,,,1.115e-05,0.068,
,,,1.116e-05,0.08,
,,,1.117e-05,0.052,
,,,1.118e-05,0.024,
,,,1.119e-05,-0.036,
,,,1.12e-05,-0.076,
,,,1.121e-05,-0.1,
,,,1.122e-05,-0.084,
,,,1.123e-05,-0.068,
,,,1.124e-05,-0.068,
,,,1.125e-05,-0.068,
,,,1.126e-05,-0.064,
,,,1.127e-05,-0.044,
,,,1.128e-05,-0.004,
,,,1.129e-05,0.04,
,,,1.13e-05,0.076,
,,,1.131e-05,0.084,
,,,1.132e-05,0.06,
,,,1.133e-05,0.008,
,,,1.134e-05,-0.044,
,,,1.135e-05,-0.084,
,,,1.136e-05,-0.096,
,,,1.137e-05,-0.084,
,,,1.138e-05,-0.032,
,,,1.139e-05,0.024,
,,,1.14e-05,0.064,
,,,1.141e-05,0.072,
,,,1.142e-05,0.06,
,,,1.143e-05,0.008,
,,,1.144e-05,-0.04,
,,,1.145e-05,-0.088,
,,,1.146e-05,-0.1,
,,,1.147e-05,-0.084,
,,,1.148e-05,-0.032,
,,,1.149e-05,0.032,
,,,1.15e-05,0.068,
,,,1.151e-05,0.072,
,,,1.152e-05,0.068,
,,,1.153e-05,0.044,
,,,1.154e-05,0.036,
,,,1.155e-05,0.044,
,,,1.156e-05,0.04,
,,,1.157e-05,0.024,
,,,1.158e-05,-0.0,
,,,1.159e-05,-0.056,
,,,1.16e-05,-0.092,
,,,1.161e-05,-0.104,
,,,1.162e-05,-0.092,
,,,1.163e-05,-0.076,
,,,1.164e-05,-0.068,
,,,1.165e-05,-0.06,
,,,1.166e-05,-0.056,
,,,1.167e-05,-0.044,
,,,1.168e-05,-0.004,
,,,1.169e-05,0.044,
,,,1.17e-05,0.072,
,,,1.171e-05,0.076,
,,,1.172e-05,0.064,
,,,1.173e-05,0.016,
,,,1.174e-05,-0.048,
,,,1.175e-05,-0.088,
,,,1.176e-05,-0.096,
,,,1.177e-05,-0.084,
,,,1.178e-05,-0.032,
,,,1.179e-05,0.02,
,,,1.18e-05,0.06,
,,,1.181e-05,0.072,
,,,1.182e-05,0.068,
,,,1.183e-05,0.044,
,,,1.184e-05,0.044,
,,,1.185e-05,0.044,
,,,1.186e-05,0.04,
,,,1.187e-05,0.028,
,,,1.188e-05,-0.008,
,,,1.189e-05,-0.052,
,,,1.19e-05,-0.088,
,,,1.191e-05,-0.104,
,,,1.192e-05,-0.088,
,,,1.193e-05,-0.068,
,,,1.194e-05,-0.064,
,,,1.195e-05,-0.056,
,,,1.196e-05,-0.06,
,,,1.197e-05,-0.044,
,,,1.198e-05,-0.012,
,,,1.199e-05,0.036,
,,,1.2e-05,0.068,
,,,1.201e-05,0.08,
,,,1.202e-05,0.068,
,,,1.203e-05,0.044,
,,,1.204e-05,0.048,
,,,1.205e-05,0.048,
,,,1.206e-05,0.04,
,,,1.207e-05,0.028,
,,,1.208e-05,-0.004,
,,,1.209e-05,-0.048,
,,,1.21e-05,-0.092,
,,,1.211e-05,-0.096,
,,,1.212e-05,-0.08,
,,,1.213e-05,-0.068,
,,,1.214e-05,-0.06,
,,,1.215e-05,-0.064,
,,,1.216e-05,-0.064,
,,,1.217e-05,-0.04,
,,,1.218e-05,-0.012,
,,,1.219e-05,0.04,
,,,1.22e-05,0.064,
,,,1.221e-05,0.084,
,,,1.222e-05,0.06,
,,,1.223e-05,0.048,
,,,1.224e-05,0.036,
,,,1.225e-05,0.036,
,,,1.226e-05,0.04,
,,,1.227e-05,0.028,
,,,1.228e-05,-0.004,
,,,1.229e-05,-0.052,
,,,1.23e-05,-0.088,
,,,1.231e-05,-0.096,
,,,1.232e-05,-0.08,
,,,1.233e-05,-0.024,
,,,1.234e-05,0.024,
,,,1.235e-05,0.064,
,,,1.236e-05,0.068,
,,,1.237e-05,0.064,
,,,1.238e-05,0.004,
,,,1.239e-05,-0.04,
,,,1.24e-05,-0.088,
,,,1.241e-05,-0.092,
,,,1.242e-05,-0.092,
,,,1.243e-05,-0.076,
,,,1.244e-05,-0.068,
,,,1.245e-05,-0.068,
,,,1.246e-05,-0.072,
,,,1.247e-05,-0.052,
,,,1.248e-05,-0.008,
,,,1.249e-05,0.044,
,,,1.25e-05,0.068,
,,,1.251e-05,0.088,
,,,1.252e-05,0.068,
,,,1.253e-05,0.048,
,,,1.254e-05,0.044,
,,,1.255e-05,0.04,
,,,1.256e-05,0.032,
,,,1.257e-05,0.02,
,,,1.258e-05,-0.008,
,,,1.259e-05,-0.06,
,,,1.26e-05,-0.088,
,,,1.261e-05,-0.104,
,,,1.262e-05,-0.08,
,,,1.263e-05,-0.032,
,,,1.264e-05,0.024,
,,,1.265e-05,0.064,
,,,1.266e-05,0.076,
,,,1.267e-05,0.064,
,,,1.268e-05,0.016,
,,,1.269e-05,-0.036,
,,,1.27e-05,-0.084,
,,,1.271e-05,-0.096,
,,,1.272e-05,-0.08,
,,,1.273e-05,-0.068,
,,,1.274e-05,-0.064,
,,,1.275e-05,-0.064,
,,,1.276e-05,-0.068,
,,,1.277e-05,-0.04,
,,,1.278e-05,-0.012,
,,,1.279e-05,0.032,
,,,1.28e-05,0.068,
,,,1.281e-05,0.088,
,,,1.282e-05,0.064,
,,,1.283e-05,0.016,
,,,1.284e-05,-0.04,
,,,1.285e-05,-0.088,
,,,1.286e-05,-0.096,
,,,1.287e-05,-0.08,
,,,1.288e-05,-0.036,
,,,1.289e-05,0.02,
,,,1.29e-05,0.064,
,,,1.291e-05,0.08,
,,,1.292e-05,0.06,
,,,1.293e-05,0.016,
,,,1.294e-05,-0.032,
,,,1.295e-05,-0.08,
,,,1.296e-05,-0.096,
,,,1.297e-05,-0.084,
,,,1.298e-05,-0.036,
,,,1.299e-05,0.02,
,,,1.3e-05,0.064,
,,,1.301e-05,0.076,
,,,1.302e-05,0.056,
,,,1.303e-05,0.02,
,,,1.304e-05,-0.04,
,,,1.305e-05,-0.076,
,,,1.306e-05,-0.092,
,,,1.307e-05,-0.072,
,,,1.308e-05,-0.024,
,,,1.309e-05,0.02,
,,,1.31e-05,0.068,
,,,1.311e-05,0.076,
,,,1.312e-05,0.056,
,,,1.313e-05,0.016,
,,,1.314e-05,-0.04,
,,,1.315e-05,-0.088,
,,,1.316e-05,-0.088,
,,,1.317e-05,-0.068,
,,,1.318e-05,-0.024,
,,,1.319e-05,0.016,
,,,1.32e-05,0.064,
,,,1.321e-05,0.068,
,,,1.322e-05,0.064,
,,,1.323e-05,0.04,
,,,1.324e-05,0.044,
,,,1.325e-05,0.048,
,,,1.326e-05,0.048,
,,,1.327e-05,0.032,
,,,1.328e-05,-0.0,
,,,1.329e-05,-0.056,
,,,1.33e-05,-0.092,
,,,1.331e-05,-0.108,
,,,1.332e-05,-0.076,
,,,1.333e-05,-0.04,
,,,1.334e-05,0.02,
,,,1.335e-05,0.064,
,,,1.336e-05,0.084,
,,,1.337e-05,0.064,
,,,1.338e-05,0.02,
,,,1.339e-05,-0.04,
,,,1.34e-05,-0.084,
,,,1.341e-05,-0.1,
,,,1.342e-05,-0.088,
,,,1.343e-05,-0.068,
,,,1.344e-05,-0.072,
,,,1.345e-05,-0.072,
,,,1.346e-05,-0.06,
,,,1.347e-05,-0.04,
,,,1.348e-05,-0.008,
,,,1.349e-05,0.04,
,,,1.35e-05,0.072,
,,,1.351e-05,0.088,
,,,1.352e-05,0.06,
,,,1.353e-05,0.044,
,,,1.354e-05,0.048,
,,,1.355e-05,0.036,
,,,1.356e-05,0.044,
,,,1.357e-05,0.02,
,,,1.358e-05,-0.012,
,,,1.359e-05,-0.056,
,,,1.36e-05,-0.092,
,,,1.361e-05,-0.104,
,,,1.362e-05,-0.084,
,,,1.363e-05,-0.028,
,,,1.364e-05,0.024,
,,,1.365e-05,0.06,
,,,1.366e-05,0.08,
,,,1.367e-05,0.056,
,,,1.368e-05,0.016,
,,,1.369e-05,-0.04,
,,,1.37e-05,-0.08,
,,,1.371e-05,-0.088,
,,,1.372e-05,-0.076,
,,,1.373e-05,-0.032,
,,,1.374e-05,0.024,
,,,1.375e-05,0.056,
,,,1.376e-05,0.08,
,,,1.377e-05,0.056,
,,,1.378e-05,0.004,
,,,1.379e-05,-0.044,
,,,1.38e-05,-0.08,
,,,1.381e-05,-0.088,
,,,1.382e-05,-0.068,
,,,1.383e-05,-0.028,
,,,1.384e-05,0.024,
,,,1.385e-05,0.06,
,,,1.386e-05,0.072,
,,,1.387e-05,0.06,
,,,1.388e-05,0.008,
,,,1.389e-05,-0.04,
,,,1.39e-05,-0.08,
,,,1.391e-05,-0.092,
,,,1.392e-05,-0.068,
,,,1.393e-05,-0.028,
,,,1.394e-05,0.02,
,,,1.395e-05,0.06,
,,,1.396e-05,0.068,
,,,1.397e-05,0.052,
,,,1.398e-05,0.016,
,,,1.399e-05,-0.04,
,,,1.4e-05,-0.08,
,,,1.401e-05,-0.092,
,,,1.402e-05,-0.076,
,,,1.403e-05,-0.068,
,,,1.404e-05,-0.056,
,,,1.405e-05,-0.064,
,,,1.406e-05,-0.056,
,,,1.407e-05,-0.044,
,,,1.408e-05,-0.02,
,,,1.409e-05,0.04,
,,,1.41e-05,0.068,
,,,1.411e-05,0.088,
,,,1.412e-05,0.076,
,,,1.413e-05,0.056,
,,,1.414e-05,0.044,
,,,1.415e-05,0.044,
,,,1.416e-05,0.036,
,,,1.417e-05,0.028,
,,,1.418e-05,-0.016,
,,,1.419e-05,-0.056,
,,,1.42e-05,-0.084,
,,,1.421e-05,-0.092,
,,,1.422e-05,-0.08,
,,,1.423e-05,-0.068,
,,,1.424e-05,-0.06,
,,,1.425e-05,-0.06,
,,,1.426e-05,-0.056,
,,,1.427e-05,-0.044,
,,,1.428e-05,-0.012,
,,,1.429e-05,0.04,
,,,1.43e-05,0.068,
,,,1.431e-05,0.08,
,,,1.432e-05,0.06,
,,,1.433e-05,0.008,
,,,1.434e-05,-0.052,
,,,1.435e-05,-0.08,
,,,1.436e-05,-0.096,
,,,1.437e-05,-0.076,
,,,1.438e-05,-0.04,
,,,1.439e-05,0.016,
,,,1.44e-05,0.052,
,,,1.441e-05,0.08,
,,,1.442e-05,0.064,
,,,1.443e-05,0.044,
,,,1.444e-05,0.04,
,,,1.445e-05,0.044,
,,,1.446e-05,0.048,
,,,1.447e-05,0.032,
,,,1.448e-05,-0.012,
,,,1.449e-05,-0.056,
,,,1.45e-05,-0.088,
,,,1.451e-05,-0.112,
,,,1.452e-05,-0.08,
,,,1.453e-05,-0.032,
,,,1.454e-05,0.024,
,,,1.455e-05,0.068,
,,,1.456e-05,0.084,
,,,1.457e-05,0.056,
,,,1.458e-05,0.008,
,,,1.459e-05,-0.052,
,,,1.46e-05,-0.084,
,,,1.461e-05,-0.1,
,,,1.462e-05,-0.072,
,,,1.463e-05,-0.032,
,,,1.464e-05,0.02,
,,,1.465e-05,0.072,
,,,1.466e-05,0.08,
,,,1.467e-05,0.056,
,,,1.468e-05,0.008,
,,,1.469e-05,-0.04,
,,,1.47e-05,-0.084,
,,,1.471e-05,-0.092,
,,,1.472e-05,-0.084,
,,,1.473e-05,-0.072,
,,,1.474e-05,-0.068,
,,,1.475e-05,-0.06,
,,,1.476e-05,-0.056,
,,,1.477e-05,-0.052,
,,,1.478e-05,-0.012,
,,,1.479e-05,0.036,
,,,1.48e-05,0.064,
,,,1.481e-05,0.084,
,,,1.482e-05,0.064,
,,,1.483e-05,0.016,
,,,1.484e-05,-0.044,
,,,1.485e-05,-0.088,
,,,1.486e-05,-0.092,
,,,1.487e-05,-0.084,
,,,1.488e-05,-0.032,
,,,1.489e-05,0.024,
,,,1.49e-05,0.06,
,,,1.491e-05,0.076,
,,,1.492e-05,0.064,
,,,1.493e-05,0.016,
,,,1.494e-05,-0.044,
,,,1.495e-05,-0.08,
,,,1.496e-05,-0.092,
,,,1.497e-05,-0.076,
,,,1.498e-05,-0.036,
,,,1.499e-05,0.02,
,,,1.5e-05,0.064,
,,,1.501e-05,0.076,
,,,1.502e-05,0.072,
,,,1.503e-05,0.052,
,,,1.504e-05,0.048,
,,,1.505e-05,0.052,
,,,1.506e-05,0.048,
,,,1.507e-05,0.024,
,,,1.508e-05,-0.004,
,,,1.509e-05,-0.056,
,,,1.51e-05,-0.092,
,,,1.511e-05,-0.1,
,,,1.512e-05,-0.08,
,,,1.513e-05,-0.036,
,,,1.514e-05,0.028,
,,,1.515e-05,0.068,
,,,1.516e-05,0.084,
,,,1.517e-05,0.056,
,,,1.518e-05,0.02,
,,,1.519e-05,-0.036,
,,,1.52e-05,-0.084,
,,,1.521e-05,-0.096,
,,,1.522e-05,-0.08,
,,,1.523e-05,-0.036,
,,,1.524e-05,0.028,
,,,1.525e-05,0.064,
,,,1.526e-05,0.076,
,,,1.527e-05,0.06,
,,,1.528e-05,0.008,
,,,1.529e-05,-0.04,
,,,1.53e-05,-0.076,
,,,1.531e-05,-0.1,
,,,1.532e-05,-0.084,
,,,1.533e-05,-0.044,
,,,1.534e-05,0.024,
,,,1.535e-05,0.06,
,,,1.536e-05,0.076,
,,,1.537e-05,0.056,
,,,1.538e-05,0.016,
,,,1.539e-05,-0.044,
,,,1.54e-05,-0.08,
,,,1.541e-05,-0.092,
,,,1.542e-05,-0.08,
,,,1.543e-05,-0.04,
,,,1.544e-05,0.02,
,,,1.545e-05,0.064,
,,,1.546e-05,0.076,
,,,1.547e-05,0.052,
,,,1.548e-05,0.012,
,,,1.549e-05,-0.04,
,,,1.55e-05,-0.088,
,,,1.551e-05,-0.088,
,,,1.552e-05,-0.08,
,,,1.553e-05,-0.072,
,,,1.554e-05,-0.064,
,,,1.555e-05,-0.064,
,,,1.556e-05,-0.072,
,,,1.557e-05,-0.052,
,,,1.558e-05,-0.016,
,,,1.559e-05,0.036,
,,,1.56e-05,0.072,
,,,1.561e-05,0.088,
,,,1.562e-05,0.068,
,,,1.563e-05,0.02,
,,,1.564e-05,-0.032,
,,,1.565e-05,-0.084,
,,,1.566e-05,-0.096,
,,,1.567e-05,-0.08,
,,,1.568e-05,-0.032,
,,,1.569e-05,0.024,
,,,1.57e-05,0.064,
,,,1.571e-05,0.08,
,,,1.572e-05,0.068,
,,,1.573e-05,0.048,
,,,1.574e-05,0.052,
,,,1.575e-05,0.048,
,,,1.576e-05,0.036,
,,,1.577e-05,0.024,
,,,1.578e-05,-0.012,
,,,1.579e-05,-0.06,
,,,1.58e-05,-0.084,
,,,1.581e-05,-0.104,
,,,1.582e-05,-0.08,
,,,1.583e-05,-0.036,
,,,1.584e-05,0.02,
,,,1.585e-05,0.064,
,,,1.586e-05,0.072,
,,,1.587e-05,0.056,
,,,1.588e-05,0.012,
,,,1.589e-05,-0.044,
,,,1.59e-05,-0.084,
,,,1.591e-05,-0.084,
,,,1.592e-05,-0.076,
,,,1.593e-05,-0.032,
,,,1.594e-05,0.02,
,,,1.595e-05,0.064,
,,,1.596e-05,0.076,
,,,1.597e-05,0.052,
,,,1.598e-05,0.012,
,,,1.599e-05,-0.048,
,,,1.6e-05,-0.076,
,,,1.601e-05,-0.092,
,,,1.602e-05,-0.068,
,,,1.603e-05,-0.032,
,,,1.604e-05,0.028,
,,,1.605e-05,0.068,
,,,1.606e-05,0.076,
,,,1.607e-05,0.06,
,,,1.608e-05,0.008,
,,,1.609e-05,-0.04,
,,,1.61e-05,-0.076,
,,,1.611e-05,-0.096,
,,,1.612e-05,-0.084,
,,,1.613e-05,-0.064,
,,,1.614e-05,-0.068,
,,,1.615e-05,-0.056,
,,,1.616e-05,-0.064,
,,,1.617e-05,-0.04,
,,,1.618e-05,-0.016,
,,,1.619e-05,0.04,
,,,1.62e-05,0.068,
,,,1.621e-05,0.08,
,,,1.622e-05,0.072,
,,,1.623e-05,0.048,
,,,1.624e-05,0.048,
,,,1.625e-05,0.048,
,,,1.626e-05,0.04,
,,,1.627e-05,0.016,
,,,1.628e-05,-0.012,
,,,1.629e-05,-0.056,
,,,1.63e-05,-0.092,
,,,1.631e-05,-0.108,
,,,1.632e-05,-0.084,
,,,1.633e-05,-0.032,
,,,1.634e-05,0.024,
,,,1.635e-05,0.064,
,,,1.636e-05,0.068,
,,,1.637e-05,0.052,
,,,1.638e-05,0.004,
,,,1.639e-05,-0.044,
,,,1.64e-05,-0.084,
,,,1.641e-05,-0.096,
,,,1.642e-05,-0.08,
,,,1.643e-05,-0.032,
,,,1.644e-05,0.028,
,,,1.645e-05,0.064,
,,,1.646e-05,0.068,
,,,1.647e-05,0.06,
,,,1.648e-05,0.008,
,,,1.649e-05,-0.052,
,,,1.65e-05,-0.08,
,,,1.651e-05,-0.096,
,,,1.652e-05,-0.08,
,,,1.653e-05,-0.032,
,,,1.654e-05,0.02,
,,,1.655e-05,0.056,
,,,1.656e-05,0.068,
,,,1.657e-05,0.048,
,,,1.658e-05,0.008,
,,,1.659e-05,-0.044,
,,,1.66e-05,-0.076,
,,,1.661e-05,-0.092,
,,,1.662e-05,-0.08,
,,,1.663e-05,-0.028,
,,,1.664e-05,0.016,
,,,1.665e-05,0.064,
,,,1.666e-05,0.068,
,,,1.667e-05,0.06,
,,,1.668e-05,0.012,
,,,1.669e-05,-0.044,
,,,1.67e-05,-0.08,
,,,1.671e-05,-0.088,
,,,1.672e-05,-0.084,
,,,1.673e-05,-0.06,
,,,1.674e-05,-0.064,
,,,1.675e-05,-0.068,
,,,1.676e-05,-0.064,
,,,1.677e-05,-0.052,
,,,1.678e-05,-0.02,
,,,1.679e-05,0.036,
,,,1.68e-05,0.068,
,,,1.681e-05,0.084,
,,,1.682e-05,0.06,
,,,1.683e-05,0.016,
,,,1.684e-05,-0.04,
,,,1.685e-05,-0.084,
,,,1.686e-05,-0.096,
,,,1.687e-05,-0.08,
,,,1.688e-05,-0.036,
,,,1.689e-05,0.02,
,,,1.69e-05,0.068,
,,,1.691e-05,0.076,
,,,1.692e-05,0.072,
,,,1.693e-05,0.052,
,,,1.694e-05,0.048,
,,,1.695e-05,0.048,
,,,1.696e-05,0.04,
,,,1.697e-05,0.024,
,,,1.698e-05,-0.016,
,,,1.699e-05,-0.056,
,,,1.7e-05,-0.088,
,,,1.701e-05,-0.1,
,,,1.702e-05,-0.076,
,,,1.703e-05,-0.028,
,,,1.704e-05,0.028,
,,,1.705e-05,0.064,
,,,1.706e-05,0.08,
,,,1.707e-05,0.06,
,,,1.708e-05,0.016,
,,,1.709e-05,-0.036,
,,,1.71e-05,-0.088,
,,,1.711e-05,-0.1,
,,,1.712e-05,-0.072,
,,,1.713e-05,-0.028,
,,,1.714e-05,0.032,
,,,1.715e-05,0.06,
,,,1.716e-05,0.08,
,,,1.717e-05,0.056,
,,,1.718e-05,0.012,
,,,1.719e-05,-0.044,
,,,1.72e-05,-0.088,
,,,1.721e-05,-0.088,
,,,1.722e-05,-0.072,
,,,1.723e-05,-0.032,
,,,1.724e-05,0.028,
,,,1.725e-05,0.064,
,,,1.726e-05,0.076,
,,,1.727e-05,0.056,
,,,1.728e-05,0.016,
,,,1.729e-05,-0.044,
,,,1.73e-05,-0.088,
,,,1.731e-05,-0.104,
,,,1.732e-05,-0.076,
,,,1.733e-05,-0.036,
,,,1.734e-05,0.02,
,,,1.735e-05,0.06,
,,,1.736e-05,0.076,
,,,1.737e-05,0.052,
,,,1.738e-05,0.008,
,,,1.739e-05,-0.044,
,,,1.74e-05,-0.088,
,,,1.741e-05,-0.096,
,,,1.742e-05,-0.068,
,,,1.743e-05,-0.024,
,,,1.744e-05,0.028,
,,,1.745e-05,0.06,
,,,1.746e-05,0.072,
,,,1.747e-05,0.056,
,,,1.748e-05,0.004,
,,,1.749e-05,-0.044,
,,,1.75e-05,-0.08,
,,,1.751e-05,-0.096,
,,,1.752e-05,-0.068,
,,,1.753e-05,-0.032,
,,,1.754e-05,0.02,
,,,1.755e-05,0.064,
,,,1.756e-05,0.068,
,,,1.757e-05,0.048,
,,,1.758e-05,0.004,
,,,1.759e-05,-0.04,
,,,1.76e-05,-0.084,
,,,1.761e-05,-0.088,
,,,1.762e-05,-0.068,
,,,1.763e-05,-0.024,
,,,1.764e-05,0.024,
,,,1.765e-05,0.06,
,,,1.766e-05,0.072,
,,,1.767e-05,0.052,
,,,1.768e-05,0.012,
,,,1.769e-05,-0.048,
,,,1.77e-05,-0.088,
,,,1.771e-05,-0.104,
,,,1.772e-05,-0.068,
,,,1.773e-05,-0.028,
,,,1.774e-05,0.016,
,,,1.775e-05,0.06,
,,,1.776e-05,0.068,
,,,1.777e-05,0.052,
,,,1.778e-05,0.008,
,,,1.779e-05,-0.048,
,,,1.78e-05,-0.084,
,,,1.781e-05,-0.092,
